web_scraper_order,web_scraper_start_url,chaussure_enfant,types_chaussures,prix,adresse,image_lien
"1766759954-1","https://sn.coinafrique.com/categorie/chaussures-enfants?page=5","https://sn.coinafrique.com/annonce/chaussures-enfants/chaussures-enfant-2472307","Chaussures enfant","6 000 CFA","Dieuppeul-Derklé, Dakar, Sénégal","background-image: url(""https://images.coinafrique.com/2472307_uploaded_image1_1595468941.jpg""); width: 568px;"
"1766759956-2","https://sn.coinafrique.com/categorie/chaussures-enfants?page=5","https://sn.coinafrique.com/annonce/chaussures-enfants/chaussures-enfant-2476339","Chaussures enfant","5 000 CFA","Dieuppeul-Derklé, Dakar, Sénégal","background-image: url(""https://images.coinafrique.com/2476339_uploaded_image1_1595551015.jpg""); width: 568px;"
"1766759958-3","https://sn.coinafrique.com/categorie/chaussures-enfants?page=5","https://sn.coinafrique.com/annonce/chaussures-enfants/chaussures-enfant-2476350","Chaussures enfant","7 500 CFA","Dieuppeul-Derklé, Dakar, Sénégal","background-image: url(""https://images.coinafrique.com/2476350_uploaded_image1_1595551356.jpg""); width: 568px;"
"1766759961-4","https://sn.coinafrique.com/categorie/chaussures-enfants?page=5","https://sn.coinafrique.com/annonce/chaussures-enfants/chaussures-enfant-2477046","Chaussures enfant","8 500 CFA","Biscuiterie, Dakar, Sénégal","background-image: url(""https://images.coinafrique.com/2477046_uploaded_image1_1595580779.jpg""); width: 374px;"
"1766759963-5","https://sn.coinafrique.com/categorie/chaussures-enfants?page=5","https://sn.coinafrique.com/annonce/chaussures-enfants/chaussures-enfants-2480204","Chaussures enfants","8 000 CFA","Dakar, Sénégal","background-image: url(""https://images.coinafrique.com/2480204_uploaded_image1_1595631025.jpg""); width: 399px;"
"1766759966-6","https://sn.coinafrique.com/categorie/chaussures-enfants?page=5","https://sn.coinafrique.com/annonce/chaussures-enfants/chaussures-enfants-2480205","Chaussures enfants","8 000 CFA","Dakar, Sénégal","background-image: url(""https://images.coinafrique.com/2480205_uploaded_image1_1595631053.jpg""); width: 399px;"
"1766759968-7","https://sn.coinafrique.com/categorie/chaussures-enfants?page=5","https://sn.coinafrique.com/annonce/chaussures-enfants/baskets-jordan-2481675","Baskets Jordan","Prix sur demande","Dakar, Sénégal","background-image: url(""https://images.coinafrique.com/2481675_uploaded_image1_1595675783.jpg""); width: 422px;"
"1766759971-8","https://sn.coinafrique.com/categorie/chaussures-enfants?page=5","https://sn.coinafrique.com/annonce/chaussures-enfants/chaussures-enfants-2484004","Chaussures enfants","5 000 CFA","Dieuppeul-Derklé, Dakar, Sénégal","background-image: url(""https://images.coinafrique.com/2484004_uploaded_image1_1595729080.jpg""); width: 568px;"
"1766759973-9","https://sn.coinafrique.com/categorie/chaussures-enfants?page=5","https://sn.coinafrique.com/annonce/chaussures-enfants/chaussures-enfants-2484015","Chaussures enfants","7 500 CFA","Dieuppeul-Derklé, Dakar, Sénégal","background-image: url(""https://images.coinafrique.com/2484015_uploaded_image1_1595729350.jpg""); width: 568px;"
"1766759976-10","https://sn.coinafrique.com/categorie/chaussures-enfants?page=5","https://sn.coinafrique.com/annonce/chaussures-enfants/chaussures-enfants-2484019","Chaussures enfants","6 000 CFA","Dieuppeul-Derklé, Dakar, Sénégal","background-image: url(""https://images.coinafrique.com/2484019_uploaded_image1_1595729648.jpg""); width: 568px;"
"1766759979-11","https://sn.coinafrique.com/categorie/chaussures-enfants?page=5","https://sn.coinafrique.com/annonce/chaussures-enfants/chaussures-enfants-2484023","Chaussures enfants","6 000 CFA","Dieuppeul-Derklé, Dakar, Sénégal","background-image: url(""https://images.coinafrique.com/2484023_uploaded_image1_1595729844.jpg""); width: 568px;"
"1766759981-12","https://sn.coinafrique.com/categorie/chaussures-enfants?page=5","https://sn.coinafrique.com/annonce/chaussures-enfants/chaussures-enfant-2486553","Chaussures enfant","6 000 CFA","Dieuppeul-Derklé, Dakar, Sénégal","background-image: url(""https://images.coinafrique.com/2486553_uploaded_image1_1595806629.jpg""); width: 568px;"
"1766759984-13","https://sn.coinafrique.com/categorie/chaussures-enfants?page=5","https://sn.coinafrique.com/annonce/chaussures-enfants/baskets-nike-air-max-2526613","Baskets Nike Air Max","Prix sur demande","Fass, Dakar, Sénégal","background-image: url(""https://images.coinafrique.com/2526613_uploaded_image1_1596969629.jpg""); width: 422px;"
"1766759987-14","https://sn.coinafrique.com/categorie/chaussures-enfants?page=5","https://sn.coinafrique.com/annonce/chaussures-enfants/chaussures-enfants-2530121","Chaussures enfants","Prix sur demande","Fass, Dakar, Sénégal","background-image: url(""https://images.coinafrique.com/2530121_uploaded_image1_1597069575.jpg""); width: 422px;"
"1766759990-15","https://sn.coinafrique.com/categorie/chaussures-enfants?page=5","https://sn.coinafrique.com/annonce/chaussures-enfants/chaussures-enfant-2543182","Chaussures enfant","Prix sur demande","Ouakam, Dakar, Sénégal","background-image: url(""https://images.coinafrique.com/2543182_uploaded_image1_1597411837.jpg""); width: 400px;"
"1766759992-16","https://sn.coinafrique.com/categorie/chaussures-enfants?page=5","https://sn.coinafrique.com/annonce/chaussures-enfants/chaussures-enfants-2584194","Chaussures Enfants","8 000 CFA","Hann Bel-Air, Dakar, Sénégal","background-image: url(""https://images.coinafrique.com/2584194_uploaded_image1_1598703235.jpg""); width: 559px;"
"1766759995-17","https://sn.coinafrique.com/categorie/chaussures-enfants?page=5","https://sn.coinafrique.com/annonce/chaussures-enfants/chaussures-enfants-2594069","Chaussures enfants","Prix sur demande","Ouest Foire, Dakar, Sénégal","background-image: url(""https://images.coinafrique.com/2594069_uploaded_image1_1599042727.jpg""); width: 541px;"
"1766759997-18","https://sn.coinafrique.com/categorie/chaussures-enfants?page=5","https://sn.coinafrique.com/annonce/chaussures-enfants/chaussures-enfants-2601784","Chaussures enfants","3 000 CFA","Dieuppeul-Derklé, Dakar, Sénégal","background-image: url(""https://images.coinafrique.com/2601784_uploaded_image1_1599263254.jpg""); width: 568px;"
"1766759999-19","https://sn.coinafrique.com/categorie/chaussures-enfants?page=5","https://sn.coinafrique.com/annonce/chaussures-enfants/chaussures-enfants-2606174","Chaussures enfants","3 000 CFA","Dieuppeul-Derklé, Dakar, Sénégal","background-image: url(""https://images.coinafrique.com/2606174_uploaded_image1_1599441065.jpg""); width: 568px;"
"1766760002-20","https://sn.coinafrique.com/categorie/chaussures-enfants?page=5","https://sn.coinafrique.com/annonce/chaussures-enfants/chaussures-enfant-2612829","Chaussures enfant","3 000 CFA","Dieuppeul-Derklé, Dakar, Sénégal","background-image: url(""https://images.coinafrique.com/2612829_uploaded_image1_1599648926.jpg""); width: 568px;"
"1766760005-21","https://sn.coinafrique.com/categorie/chaussures-enfants?page=5","https://sn.coinafrique.com/annonce/chaussures-enfants/chaussures-fille-2621830","Chaussures fille","6 000 CFA","Dakar, Sénégal","background-image: url(""https://images.coinafrique.com/2621830_uploaded_image1_1599940781.jpg""); width: 671px;"
"1766760007-22","https://sn.coinafrique.com/categorie/chaussures-enfants?page=5","https://sn.coinafrique.com/annonce/chaussures-enfants/chaussures-fille-2621836","Chaussures fille","6 000 CFA","Dakar, Sénégal","background-image: url(""https://images.coinafrique.com/2621836_uploaded_image1_1599940895.jpg""); width: 671px;"
"1766760009-23","https://sn.coinafrique.com/categorie/chaussures-enfants?page=5","https://sn.coinafrique.com/annonce/chaussures-enfants/chaussures-fille-2621842","Chaussures fille","6 000 CFA","Dakar, Sénégal","background-image: url(""https://images.coinafrique.com/2621842_uploaded_image1_1599941018.jpg""); width: 671px;"
"1766760012-24","https://sn.coinafrique.com/categorie/chaussures-enfants?page=5","https://sn.coinafrique.com/annonce/chaussures-enfants/chaussures-garcons-2621850","Chaussures garçons","6 000 CFA","Dakar, Sénégal","background-image: url(""https://images.coinafrique.com/2621850_uploaded_image1_1599941226.jpg""); width: 671px;"
"1766760014-25","https://sn.coinafrique.com/categorie/chaussures-enfants?page=5","https://sn.coinafrique.com/annonce/chaussures-enfants/chaussures-garcon-2621852","Chaussures garçon","6 000 CFA","Dakar, Sénégal","background-image: url(""https://images.coinafrique.com/2621852_uploaded_image1_1599941341.jpg""); width: 671px;"
"1766760017-26","https://sn.coinafrique.com/categorie/chaussures-enfants?page=5","https://sn.coinafrique.com/annonce/chaussures-enfants/chaussures-enfants-2621862","Chaussures enfants","6 000 CFA","Dakar, Sénégal","background-image: url(""https://images.coinafrique.com/2621862_uploaded_image1_1599941553.jpg""); width: 671px;"
"1766760019-27","https://sn.coinafrique.com/categorie/chaussures-enfants?page=5","https://sn.coinafrique.com/annonce/chaussures-enfants/chaussures-enfants-2623386","Chaussures enfants","3 000 CFA","Dieuppeul-Derklé, Dakar, Sénégal","background-image: url(""https://images.coinafrique.com/2623386_uploaded_image1_1600019061.jpg""); width: 568px;"
"1766760021-28","https://sn.coinafrique.com/categorie/chaussures-enfants?page=5","https://sn.coinafrique.com/annonce/chaussures-enfants/chaussures-enfant-2629141","Chaussures enfant","3 000 CFA","Dieuppeul-Derklé, Dakar, Sénégal","background-image: url(""https://images.coinafrique.com/2629141_uploaded_image1_1600221342.jpg""); width: 568px;"
"1766760024-29","https://sn.coinafrique.com/categorie/chaussures-enfants?page=5","https://sn.coinafrique.com/annonce/chaussures-enfants/chaussures-enfants-2642974","Chaussures enfants","3 000 CFA","Dieuppeul-Derklé, Dakar, Sénégal","background-image: url(""https://images.coinafrique.com/2642974_uploaded_image1_1600732549.jpg""); width: 568px;"
"1766760026-30","https://sn.coinafrique.com/categorie/chaussures-enfants?page=5","https://sn.coinafrique.com/annonce/chaussures-enfants/chaussures-enfants-2646040","Chaussures enfants","5 000 CFA","Parcelle Assainies, Dakar, Sénégal","background-image: url(""https://images.coinafrique.com/2646040_uploaded_image1_1600852986.jpg""); width: 374px;"
"1766760029-31","https://sn.coinafrique.com/categorie/chaussures-enfants?page=5","https://sn.coinafrique.com/annonce/chaussures-enfants/chaussures-enfant-2655658","Chaussures enfant","3 000 CFA","Dieuppeul-Derklé, Dakar, Sénégal","background-image: url(""https://images.coinafrique.com/2655658_uploaded_image1_1601252815.jpg""); width: 568px;"
"1766760031-32","https://sn.coinafrique.com/categorie/chaussures-enfants?page=5","https://sn.coinafrique.com/annonce/chaussures-enfants/chaussures-enfant-2658953","Chaussures enfant","3 000 CFA","Dakar Plateau, Dakar, Sénégal","background-image: url(""https://images.coinafrique.com/2658953_uploaded_image1_1601383073.jpg""); width: 493px;"
"1766760033-33","https://sn.coinafrique.com/categorie/chaussures-enfants?page=5","https://sn.coinafrique.com/annonce/chaussures-enfants/chaussures-enfant-2658958","Chaussures enfant","3 000 CFA","Dakar Plateau, Dakar, Sénégal","background-image: url(""https://images.coinafrique.com/2658958_uploaded_image1_1601383110.jpg""); width: 493px;"
"1766760036-34","https://sn.coinafrique.com/categorie/chaussures-enfants?page=5","https://sn.coinafrique.com/annonce/chaussures-enfants/chaussures-enfants-2671653","Chaussures enfants","10 000 CFA","Dakar, Sénégal","background-image: url(""https://images.coinafrique.com/2671653_uploaded_image1_1601824422.jpg""); width: 488px;"
"1766760038-35","https://sn.coinafrique.com/categorie/chaussures-enfants?page=5","https://sn.coinafrique.com/annonce/chaussures-enfants/chaussures-enfants-2686221","Chaussures Enfants","3 000 CFA","Dieuppeul-Derklé, Dakar, Sénégal","background-image: url(""https://images.coinafrique.com/2686221_uploaded_image1_1602375459.jpg""); width: 568px;"
"1766760041-36","https://sn.coinafrique.com/categorie/chaussures-enfants?page=5","https://sn.coinafrique.com/annonce/chaussures-enfants/chaussures-enfants-2705566","Chaussures enfants","Prix sur demande","Fass, Dakar, Sénégal","background-image: url(""https://images.coinafrique.com/2705566_uploaded_image1_1603128488.jpg""); width: 441px;"
"1766760043-37","https://sn.coinafrique.com/categorie/chaussures-enfants?page=5","https://sn.coinafrique.com/annonce/chaussures-enfants/chaussures-enfant-2710760","Chaussures Enfant","Prix sur demande","Yoff, Dakar, Sénégal","background-image: url(""https://images.coinafrique.com/2710760_uploaded_image1_1603327864.jpg""); width: 374px;"
"1766760046-38","https://sn.coinafrique.com/categorie/chaussures-enfants?page=5","https://sn.coinafrique.com/annonce/chaussures-enfants/sandales-adidas-yeezy-2717389","Sandales Adidas Yeezy","Prix sur demande","Dakar, Sénégal","background-image: url(""https://images.coinafrique.com/2717389_uploaded_image1_1603638267.jpg""); width: 404px;"
"1766760048-39","https://sn.coinafrique.com/categorie/chaussures-enfants?page=5","https://sn.coinafrique.com/annonce/chaussures-enfants/chaussures-enfant-2720321","Chaussures enfant","2 500 CFA","Dieuppeul-Derklé, Dakar, Sénégal","background-image: url(""https://images.coinafrique.com/2720321_uploaded_image1_1603756962.jpg""); width: 568px;"
"1766760051-40","https://sn.coinafrique.com/categorie/chaussures-enfants?page=5","https://sn.coinafrique.com/annonce/chaussures-enfants/chaussures-pour-enfants-2726067","Chaussures pour enfants","8 000 CFA","Dakar, Sénégal","background-image: url(""https://images.coinafrique.com/2726067_uploaded_image1_1604015534.jpg""); width: 402px;"
"1766760053-41","https://sn.coinafrique.com/categorie/chaussures-enfants?page=5","https://sn.coinafrique.com/annonce/chaussures-enfants/chaussures-bebe-2726794","Chaussures bébé","Prix sur demande","Mamelles, Dakar, Sénégal","background-image: url(""https://images.coinafrique.com/2726794_uploaded_image1_1604060597.jpg""); width: 640px;"
"1766760055-42","https://sn.coinafrique.com/categorie/chaussures-enfants?page=5","https://sn.coinafrique.com/annonce/chaussures-enfants/chaussures-enfant-2732252","Chaussures enfant","10 000 CFA","Patte d'oie, Dakar, Sénégal","background-image: url(""https://images.coinafrique.com/2732252_uploaded_image1_1604327384.jpg""); width: 374px;"
"1766760058-43","https://sn.coinafrique.com/categorie/chaussures-enfants?page=5","https://sn.coinafrique.com/annonce/chaussures-enfants/chaussures-enfant-2733477","Chaussures enfant","2 500 CFA","Dieuppeul-Derklé, Dakar, Sénégal","background-image: url(""https://images.coinafrique.com/2733477_uploaded_image1_1604363169.jpg""); width: 568px;"
"1766760060-44","https://sn.coinafrique.com/categorie/chaussures-enfants?page=5","https://sn.coinafrique.com/annonce/chaussures-enfants/chaussures-enfant-2734509","Chaussures Enfant","3 500 CFA","Parcelle Assainies, Dakar, Sénégal","background-image: url(""https://images.coinafrique.com/2734509_uploaded_image1_1604404615.jpg""); width: 617px;"
"1766760063-45","https://sn.coinafrique.com/categorie/chaussures-enfants?page=5","https://sn.coinafrique.com/annonce/chaussures-enfants/chaussures-fille-2734564","Chaussures fille","10 000 CFA","Dakar, Sénégal","background-image: url(""https://images.coinafrique.com/2734564_uploaded_image1_1604405272.jpg""); width: 374px;"
"1766760066-46","https://sn.coinafrique.com/categorie/chaussures-enfants?page=5","https://sn.coinafrique.com/annonce/chaussures-enfants/chaussures-enfant-2735476","Chaussures enfant","12 000 CFA","Hann Bel-Air, Dakar, Sénégal","background-image: url(""https://images.coinafrique.com/2735476_uploaded_image1_1604424098.jpg""); width: 462px;"
"1766760068-47","https://sn.coinafrique.com/categorie/chaussures-enfants?page=5","https://sn.coinafrique.com/annonce/chaussures-enfants/chaussures-enfants-2738977","Chaussures enfants","Prix sur demande","Fass, Dakar, Sénégal","background-image: url(""https://images.coinafrique.com/2738977_uploaded_image1_1604527399.jpg""); width: 441px;"
"1766760071-48","https://sn.coinafrique.com/categorie/chaussures-enfants?page=5","https://sn.coinafrique.com/annonce/chaussures-enfants/chaussures-enfant-2740383","Chaussures enfant","7 000 CFA","Dakar, Sénégal","background-image: url(""https://images.coinafrique.com/2740383_uploaded_image1_1604582418.jpg""); width: 410px;"
"1766760073-49","https://sn.coinafrique.com/categorie/chaussures-enfants?page=5","https://sn.coinafrique.com/annonce/chaussures-enfants/chaussures-enfant-2740384","Chaussures enfant","7 000 CFA","Dakar, Sénégal","background-image: url(""https://images.coinafrique.com/2740384_uploaded_image1_1604582455.jpg""); width: 410px;"
"1766760075-50","https://sn.coinafrique.com/categorie/chaussures-enfants?page=5","https://sn.coinafrique.com/annonce/chaussures-enfants/chaussures-fille-2744527","Chaussures fille","15 000 CFA","Mermoz-Sacré Coeur, Dakar, Sénégal","background-image: url(""https://images.coinafrique.com/2744527_uploaded_image1_1604704184.jpg""); width: 519px;"
"1766760078-51","https://sn.coinafrique.com/categorie/chaussures-enfants?page=5","https://sn.coinafrique.com/annonce/chaussures-enfants/chaussures-enfant-2747212","Chaussures enfant","15 000 CFA","Hann Bel-Air, Hann / Bel Air (Dakar), Sénégal","background-image: url(""https://images.coinafrique.com/2747212_uploaded_image1_1604838947.jpg""); width: 519px;"
"1766760080-52","https://sn.coinafrique.com/categorie/chaussures-enfants?page=5","https://sn.coinafrique.com/annonce/chaussures-enfants/chaussures-enfant-2749342","Chaussures enfant","10 000 CFA","Patte d'oie, Dakar, Sénégal","background-image: url(""https://images.coinafrique.com/2749342_uploaded_image1_1604925569.jpg""); width: 374px;"
"1766760083-53","https://sn.coinafrique.com/categorie/chaussures-enfants?page=5","https://sn.coinafrique.com/annonce/chaussures-enfants/chaussures-enfant-2749776","Chaussures enfant","15 000 CFA","Kolda, Sénégal","background-image: url(""https://images.coinafrique.com/2749776_uploaded_image1_1604935997.jpg""); width: 384px;"
"1766760085-54","https://sn.coinafrique.com/categorie/chaussures-enfants?page=5","https://sn.coinafrique.com/annonce/chaussures-enfants/chaussures-enfant-2752111","Chaussures enfant","7 500 CFA","Hann Bel-Air, Dakar, Sénégal","background-image: url(""https://images.coinafrique.com/2752111_uploaded_image1_1605018817.jpg""); width: 384px;"
"1766760088-55","https://sn.coinafrique.com/categorie/chaussures-enfants?page=5","https://sn.coinafrique.com/annonce/chaussures-enfants/chaussures-dete-enfants-2752129","Chaussures d'été enfants","3 000 CFA","Hann Bel-Air, Dakar, Sénégal","background-image: url(""https://images.coinafrique.com/2752129_uploaded_image1_1605019198.jpg""); width: 384px;"
"1766760090-56","https://sn.coinafrique.com/categorie/chaussures-enfants?page=5","https://sn.coinafrique.com/annonce/chaussures-enfants/chaussures-enfant-2752137","Chaussures enfant","2 500 CFA","Hann Bel-Air, Dakar, Sénégal","background-image: url(""https://images.coinafrique.com/2752137_uploaded_image1_1605019378.jpg""); width: 384px;"
"1766760092-57","https://sn.coinafrique.com/categorie/chaussures-enfants?page=5","https://sn.coinafrique.com/annonce/chaussures-enfants/chaussures-de-sport-enfants-2752149","Chaussures de sport enfants","2 000 CFA","Hann Bel-Air, Dakar, Sénégal","background-image: url(""https://images.coinafrique.com/2752149_uploaded_image1_1605019568.jpg""); width: 384px;"
"1766760095-58","https://sn.coinafrique.com/categorie/chaussures-enfants?page=5","https://sn.coinafrique.com/annonce/chaussures-enfants/claquettes-enfant-2762753","Claquettes enfant","2 500 CFA","Dieuppeul-Derklé, Dakar, Sénégal","background-image: url(""https://images.coinafrique.com/2762753_uploaded_image1_1605397699.jpg""); width: 568px;"
"1766760098-59","https://sn.coinafrique.com/categorie/chaussures-enfants?page=5","https://sn.coinafrique.com/annonce/chaussures-enfants/chaussures-enfants-2765779","Chaussures  enfants","10 000 CFA","Mermoz-Sacré Coeur, Dakar, Sénégal","background-image: url(""https://images.coinafrique.com/2765779_uploaded_image1_1605531902.jpg""); width: 404px;"
"1766760100-60","https://sn.coinafrique.com/categorie/chaussures-enfants?page=5","https://sn.coinafrique.com/annonce/chaussures-enfants/chaussures-enfants-2772383","Chaussures enfants","15 000 CFA","Ziguinchor, Sénégal","background-image: url(""https://images.coinafrique.com/2772383_uploaded_image1_1605772057.jpg""); width: 374px;"
"1766760102-61","https://sn.coinafrique.com/categorie/chaussures-enfants?page=5","https://sn.coinafrique.com/annonce/chaussures-enfants/chaussures-enfant-2772389","Chaussures enfant","13 000 CFA","Ziguinchor, Sénégal","background-image: url(""https://images.coinafrique.com/2772389_uploaded_image1_1605772309.jpg""); width: 374px;"
"1766760105-62","https://sn.coinafrique.com/categorie/chaussures-enfants?page=5","https://sn.coinafrique.com/annonce/chaussures-enfants/baskets-adidas-2789511","Baskets Adidas","22 500 CFA","Dakar, Sénégal","background-image: url(""https://images.coinafrique.com/2789511_uploaded_image1_1606408266.jpg""); width: 504px;"
"1766760107-63","https://sn.coinafrique.com/categorie/chaussures-enfants?page=5","https://sn.coinafrique.com/annonce/chaussures-enfants/claquettes-enfants-2795343","Claquettes enfants","6 000 CFA","Guediawaye, Dakar, Sénégal","background-image: url(""https://images.coinafrique.com/2795343_uploaded_image1_1606666445.jpg""); width: 553px;"
"1766760110-64","https://sn.coinafrique.com/categorie/chaussures-enfants?page=5","https://sn.coinafrique.com/annonce/chaussures-enfants/chaussures-garcons-2795704","Chaussures garçons","3 000 CFA","Grand Dakar, Dakar, Sénégal","background-image: url(""https://images.coinafrique.com/2795704_uploaded_image1_1606681411.jpg""); width: 446px;"
"1766760112-65","https://sn.coinafrique.com/categorie/chaussures-enfants?page=5","https://sn.coinafrique.com/annonce/chaussures-enfants/chaussures-enfant-2797680","Chaussures enfant","10 000 CFA","Yoff, Dakar, Sénégal","background-image: url(""https://images.coinafrique.com/2797680_uploaded_image1_1606753722.jpg""); width: 374px;"
"1766760115-66","https://sn.coinafrique.com/categorie/chaussures-enfants?page=5","https://sn.coinafrique.com/annonce/chaussures-enfants/chaussures-garcon-2798841","Chaussures garçon","Prix sur demande","Dakar, Sénégal","background-image: url(""https://images.coinafrique.com/2798841_uploaded_image1_1606808767.jpg""); width: 576px;"
"1766760117-67","https://sn.coinafrique.com/categorie/chaussures-enfants?page=5","https://sn.coinafrique.com/annonce/chaussures-enfants/chaussures-bebe-2801602","Chaussures bébé","3 000 CFA","HLM, Dakar, Sénégal","background-image: url(""https://images.coinafrique.com/2801602_uploaded_image1_1606862013.jpg""); width: 405px;"
"1766760120-68","https://sn.coinafrique.com/categorie/chaussures-enfants?page=5","https://sn.coinafrique.com/annonce/chaussures-enfants/chaussures-enfant-2802614","Chaussures enfant","2 500 CFA","Dieuppeul-Derklé, Dakar, Sénégal","background-image: url(""https://images.coinafrique.com/2802614_uploaded_image1_1606904602.jpg""); width: 568px;"
"1766760122-69","https://sn.coinafrique.com/categorie/chaussures-enfants?page=5","https://sn.coinafrique.com/annonce/chaussures-enfants/baskets-nike-2810613","Baskets Nike","15 000 CFA","Dakar Plateau, Dakar, Sénégal","background-image: url(""https://images.coinafrique.com/2810613_uploaded_image1_1607160786.jpg""); width: 604px;"
"1766760125-70","https://sn.coinafrique.com/categorie/chaussures-enfants?page=5","https://sn.coinafrique.com/annonce/chaussures-enfants/chaussures-friperie-enfant-2812377","Chaussures friperie enfant","Prix sur demande","Colobane, Dakar, Sénégal","background-image: url(""https://images.coinafrique.com/2812377_uploaded_image1_1607243252.jpg""); width: 558px;"
"1766760127-71","https://sn.coinafrique.com/categorie/chaussures-enfants?page=5","https://sn.coinafrique.com/annonce/chaussures-enfants/chaussures-friperie-enfants-2812381","Chaussures friperie - enfants","5 000 CFA","Colobane, Dakar, Sénégal","background-image: url(""https://images.coinafrique.com/2812381_uploaded_image1_1607243451.jpg""); width: 558px;"
"1766760130-72","https://sn.coinafrique.com/categorie/chaussures-enfants?page=5","https://sn.coinafrique.com/annonce/chaussures-enfants/baskets-puma-adidas-2818578","Baskets Puma - Adidas","Prix sur demande","Fass, Dakar, Sénégal","background-image: url(""https://images.coinafrique.com/2818578_uploaded_image1_1607458128.jpg""); width: 441px;"
"1766760133-73","https://sn.coinafrique.com/categorie/chaussures-enfants?page=5","https://sn.coinafrique.com/annonce/chaussures-enfants/chaussure-enfants-2822660","Chaussure enfants","Prix sur demande","Dakar, Sénégal","background-image: url(""https://images.coinafrique.com/2822660_uploaded_image1_1607610140.jpg""); width: 452px;"
"1766760135-74","https://sn.coinafrique.com/categorie/chaussures-enfants?page=5","https://sn.coinafrique.com/annonce/chaussures-enfants/chaussures-pour-enfants-2830947","Chaussures pour enfants","Prix sur demande","Colobane, Dakar, Sénégal","background-image: url(""https://images.coinafrique.com/2830947_uploaded_image1_1607971324.jpg""); width: 441px;"
"1766760138-75","https://sn.coinafrique.com/categorie/chaussures-enfants?page=5","https://sn.coinafrique.com/annonce/chaussures-enfants/chaussures-garcons-2831294","Chaussures garçons","10 000 CFA","HLM, Dakar, Sénégal","background-image: url(""https://images.coinafrique.com/2831294_uploaded_image1_1607984493.jpg""); width: 431px;"
"1766760141-76","https://sn.coinafrique.com/categorie/chaussures-enfants?page=5","https://sn.coinafrique.com/annonce/chaussures-enfants/baskets-nike-pour-enfants-2837971","Baskets Nike pour enfants","10 000 CFA","Mermoz-Sacré Coeur, Dakar, Sénégal","background-image: url(""https://images.coinafrique.com/2837971_uploaded_image1_1608232681.jpg""); width: 549px;"
"1766760144-77","https://sn.coinafrique.com/categorie/chaussures-enfants?page=5","https://sn.coinafrique.com/annonce/chaussures-enfants/chaussures-enfant-2847269","Chaussures enfant","2 500 CFA","HLM, Dakar, Sénégal","background-image: url(""https://images.coinafrique.com/2847269_uploaded_image1_1608653733.jpg""); width: 592px;"
"1766760146-78","https://sn.coinafrique.com/categorie/chaussures-enfants?page=5","https://sn.coinafrique.com/annonce/chaussures-enfants/chaussures-enfants-2862808","Chaussures enfants","Prix sur demande","Colobane, Dakar, Sénégal","background-image: url(""https://images.coinafrique.com/2862808_uploaded_image1_1609520465.jpg""); width: 441px;"
"1766760148-79","https://sn.coinafrique.com/categorie/chaussures-enfants?page=5","https://sn.coinafrique.com/annonce/chaussures-enfants/chaussures-enfant-2867107","Chaussures enfant","Prix sur demande","Colobane, Dakar, Sénégal","background-image: url(""https://images.coinafrique.com/2867107_uploaded_image1_1609753243.jpg""); width: 441px;"
"1766760151-80","https://sn.coinafrique.com/categorie/chaussures-enfants?page=5","https://sn.coinafrique.com/annonce/chaussures-enfants/chaussures-enfant-2883672","Chaussures enfant","25 000 CFA","Almadies, Dakar, Sénégal","background-image: url(""https://images.coinafrique.com/2883672_uploaded_image1_1610380885.jpg""); width: 543px;"
"1766760154-81","https://sn.coinafrique.com/categorie/chaussures-enfants?page=5","https://sn.coinafrique.com/annonce/chaussures-enfants/chaussures-enfant-2883679","Chaussures enfant","25 000 CFA","Almadies, Dakar, Sénégal","background-image: url(""https://images.coinafrique.com/2883679_uploaded_image1_1610381004.jpg""); width: 543px;"
"1766760156-82","https://sn.coinafrique.com/categorie/chaussures-enfants?page=5","https://sn.coinafrique.com/annonce/chaussures-enfants/chaussures-enfants-2896647","Chaussures enfants","30 000 CFA","Dakar, Sénégal","background-image: url(""https://images.coinafrique.com/2896647_uploaded_image1_1610917261.jpg""); width: 521px;"
"1766760158-83","https://sn.coinafrique.com/categorie/chaussures-enfants?page=5","https://sn.coinafrique.com/annonce/chaussures-enfants/baskets-fille-2905159","Baskets fille","1 000 CFA","Dakar, Sénégal","background-image: url(""https://images.coinafrique.com/2905159_uploaded_image1_1611266722.jpg""); width: 398px;"
"1766760161-84","https://sn.coinafrique.com/categorie/chaussures-enfants?page=5","https://sn.coinafrique.com/annonce/chaussures-enfants/chaussures-pour-enfant-2924609","Chaussures pour enfant","Prix sur demande","Colobane, Dakar, Sénégal","background-image: url(""https://images.coinafrique.com/2924609_uploaded_image1_1612202719.jpg""); width: 441px;"
"1766760167-85","https://sn.coinafrique.com/categorie/chaussures-enfants?page=4","https://sn.coinafrique.com/annonce/chaussures-enfants/baskets-nike-2924613","Baskets Nike","Prix sur demande","Colobane, Dakar, Sénégal","background-image: url(""https://images.coinafrique.com/2924613_uploaded_image1_1612202808.jpg""); width: 441px;"
"1766760170-86","https://sn.coinafrique.com/categorie/chaussures-enfants?page=4","https://sn.coinafrique.com/annonce/chaussures-enfants/chaussures-jordan-11-2934921","Chaussures Jordan 11","20 000 CFA","Dakar Plateau, Dakar, Sénégal","background-image: url(""https://images.coinafrique.com/2934921_uploaded_image1_1612567043.jpg""); width: 426px;"
"1766760173-87","https://sn.coinafrique.com/categorie/chaussures-enfants?page=4","https://sn.coinafrique.com/annonce/chaussures-enfants/chaussures-nourrissons-2942148","Chaussures nourrissons","Prix sur demande","Dakar, Sénégal","background-image: url(""https://images.coinafrique.com/2942148_uploaded_image1_1612894020.jpg""); width: 549px;"
"1766760175-88","https://sn.coinafrique.com/categorie/chaussures-enfants?page=4","https://sn.coinafrique.com/annonce/chaussures-enfants/chaussures-enfants-2942161","Chaussures  enfants","Prix sur demande","Colobane, Dakar, Sénégal","background-image: url(""https://images.coinafrique.com/2942161_uploaded_image1_1612894618.jpg""); width: 441px;"
"1766760178-89","https://sn.coinafrique.com/categorie/chaussures-enfants?page=4","https://sn.coinafrique.com/annonce/chaussures-enfants/chaussures-enfants-2942163","Chaussures  enfants","Prix sur demande","Colobane, Dakar, Sénégal","background-image: url(""https://images.coinafrique.com/2942163_uploaded_image1_1612894677.jpg""); width: 441px;"
"1766760180-90","https://sn.coinafrique.com/categorie/chaussures-enfants?page=4","https://sn.coinafrique.com/annonce/chaussures-enfants/bottes-montantes-enfants-2942252","Bottes montantes enfants","Prix sur demande","Dakar, Sénégal","background-image: url(""https://images.coinafrique.com/2942252_uploaded_image1_1612898624.jpg""); width: 549px;"
"1766760182-91","https://sn.coinafrique.com/categorie/chaussures-enfants?page=4","https://sn.coinafrique.com/annonce/chaussures-enfants/chaussures-enfants-2956562","Chaussures enfants","3 000 CFA","Dakar, Sénégal","background-image: url(""https://images.coinafrique.com/2956562_uploaded_image1_1613573380.jpg""); width: 398px;"
"1766760185-92","https://sn.coinafrique.com/categorie/chaussures-enfants?page=4","https://sn.coinafrique.com/annonce/chaussures-enfants/claquettes-enfant-2972548","Claquettes enfant","6 000 CFA","Dakar, Sénégal","background-image: url(""https://images.coinafrique.com/2972548_uploaded_image1_1614340301.jpg""); width: 410px;"
"1766760187-93","https://sn.coinafrique.com/categorie/chaussures-enfants?page=4","https://sn.coinafrique.com/annonce/chaussures-enfants/chaussures-enfant-2972549","Chaussures enfant","6 000 CFA","Dakar, Sénégal","background-image: url(""https://images.coinafrique.com/2972549_uploaded_image1_1614340377.jpg""); width: 410px;"
"1766760190-94","https://sn.coinafrique.com/categorie/chaussures-enfants?page=4","https://sn.coinafrique.com/annonce/chaussures-enfants/chaussure-enfant-2972750","Chaussure enfant","Prix sur demande","Dakar, Sénégal","background-image: url(""https://images.coinafrique.com/2972750_uploaded_image1_1614348026.jpg""); width: 452px;"
"1766760192-95","https://sn.coinafrique.com/categorie/chaussures-enfants?page=4","https://sn.coinafrique.com/annonce/chaussures-enfants/mocassin-enfants-2998854","Mocassin enfants","8 000 CFA","Dakar, Sénégal","background-image: url(""https://images.coinafrique.com/2998854_uploaded_image1_1615573131.jpg""); width: 410px;"
"1766760195-96","https://sn.coinafrique.com/categorie/chaussures-enfants?page=4","https://sn.coinafrique.com/annonce/chaussures-enfants/chaussures-enfant-3000024","Chaussures enfant","Prix sur demande","Dakar, Sénégal","background-image: url(""https://images.coinafrique.com/3000024_uploaded_image1_1615644889.jpg""); width: 432px;"
"1766760197-97","https://sn.coinafrique.com/categorie/chaussures-enfants?page=4","https://sn.coinafrique.com/annonce/chaussures-enfants/chaussures-enfant-3004980","Chaussures enfant","8 500 CFA","Dakar, Sénégal","background-image: url(""https://images.coinafrique.com/3004980_uploaded_image1_1615909281.jpg""); width: 410px;"
"1766760199-98","https://sn.coinafrique.com/categorie/chaussures-enfants?page=4","https://sn.coinafrique.com/annonce/chaussures-enfants/chaussures-enfant-3006541","Chaussures enfant","Prix sur demande","Dakar, Sénégal","background-image: url(""https://images.coinafrique.com/3006541_uploaded_image1_1615983073.jpg""); width: 432px;"
"1766760202-99","https://sn.coinafrique.com/categorie/chaussures-enfants?page=4","https://sn.coinafrique.com/annonce/chaussures-enfants/chaussures-enfant-3007072","Chaussures enfant","Prix sur demande","Medina, Dakar, Sénégal","background-image: url(""https://images.coinafrique.com/3007072_uploaded_image1_1615998986.jpg""); width: 569px;"
"1766760204-100","https://sn.coinafrique.com/categorie/chaussures-enfants?page=4","https://sn.coinafrique.com/annonce/chaussures-enfants/chaussures-enfant-3010551","Chaussures enfant","Prix sur demande","Dakar, Sénégal","background-image: url(""https://images.coinafrique.com/3010551_uploaded_image1_1616171723.jpg""); width: 432px;"
"1766760207-101","https://sn.coinafrique.com/categorie/chaussures-enfants?page=4","https://sn.coinafrique.com/annonce/chaussures-enfants/chaussures-enfant-friperie-3012388","Chaussures enfant friperie","5 000 CFA","Colobane, Dakar, Sénégal","background-image: url(""https://images.coinafrique.com/3012388_uploaded_image1_1616265482.jpg""); width: 558px;"
"1766760209-102","https://sn.coinafrique.com/categorie/chaussures-enfants?page=4","https://sn.coinafrique.com/annonce/chaussures-enfants/baskets-jordan-enfants-3015628","Baskets Jordan enfants","Prix sur demande","Colobane, Dakar, Sénégal","background-image: url(""https://images.coinafrique.com/3015628_uploaded_image1_1616441305.jpg""); width: 441px;"
"1766760211-103","https://sn.coinafrique.com/categorie/chaussures-enfants?page=4","https://sn.coinafrique.com/annonce/chaussures-enfants/baskets-nike-enfants-3017342","Baskets Nike enfants","Prix sur demande","Colobane, Dakar, Sénégal","background-image: url(""https://images.coinafrique.com/3017342_uploaded_image1_1616522840.jpg""); width: 441px;"
"1766760214-104","https://sn.coinafrique.com/categorie/chaussures-enfants?page=4","https://sn.coinafrique.com/annonce/chaussures-enfants/baskets-enfants-3017343","Baskets enfants","Prix sur demande","Colobane, Dakar, Sénégal","background-image: url(""https://images.coinafrique.com/3017343_uploaded_image1_1616522893.jpg""); width: 441px;"
"1766760216-105","https://sn.coinafrique.com/categorie/chaussures-enfants?page=4","https://sn.coinafrique.com/annonce/chaussures-enfants/baskets-enfants-3017496","Baskets enfants","Prix sur demande","Dakar, Sénégal","background-image: url(""https://images.coinafrique.com/3017496_uploaded_image1_1616529866.jpg""); width: 432px;"
"1766760218-106","https://sn.coinafrique.com/categorie/chaussures-enfants?page=4","https://sn.coinafrique.com/annonce/chaussures-enfants/chaussures-enfant-3019231","Chaussures enfant","8 500 CFA","Dakar, Sénégal","background-image: url(""https://images.coinafrique.com/3019231_uploaded_image1_1616610393.jpg""); width: 410px;"
"1766760221-107","https://sn.coinafrique.com/categorie/chaussures-enfants?page=4","https://sn.coinafrique.com/annonce/chaussures-enfants/chaussures-enfants-3021291","Chaussures enfants","Prix sur demande","Colobane, Dakar, Sénégal","background-image: url(""https://images.coinafrique.com/3021291_uploaded_image1_1616699088.jpg""); width: 441px;"
"1766760223-108","https://sn.coinafrique.com/categorie/chaussures-enfants?page=4","https://sn.coinafrique.com/annonce/chaussures-enfants/chaussures-enfants-3021292","Chaussures enfants","Prix sur demande","Colobane, Dakar, Sénégal","background-image: url(""https://images.coinafrique.com/3021292_uploaded_image1_1616699181.jpg""); width: 441px;"
"1766760226-109","https://sn.coinafrique.com/categorie/chaussures-enfants?page=4","https://sn.coinafrique.com/annonce/chaussures-enfants/chaussures-bebe-3024046","Chaussures bébé","5 000 CFA","HLM, Dakar, Sénégal","background-image: url(""https://images.coinafrique.com/3024046_uploaded_image1_1616850690.jpg""); width: 592px;"
"1766760228-110","https://sn.coinafrique.com/categorie/chaussures-enfants?page=4","https://sn.coinafrique.com/annonce/chaussures-enfants/chaussures-bebe-3024586","Chaussures bébé","4 000 CFA","HLM, Dakar, Sénégal","background-image: url(""https://images.coinafrique.com/3024586_uploaded_image1_1616871119.jpg""); width: 442px;"
"1766760230-111","https://sn.coinafrique.com/categorie/chaussures-enfants?page=4","https://sn.coinafrique.com/annonce/chaussures-enfants/ensemble-enfant-3032235","Ensemble enfant","12 000 CFA","HLM, Dakar, Sénégal","background-image: url(""https://images.coinafrique.com/3032235_uploaded_image1_1617269518.jpg""); width: 592px;"
"1766760233-112","https://sn.coinafrique.com/categorie/chaussures-enfants?page=4","https://sn.coinafrique.com/annonce/chaussures-enfants/baskets-nike-enfants-3036155","Baskets Nike enfants","Prix sur demande","Colobane, Dakar, Sénégal","background-image: url(""https://images.coinafrique.com/3036155_uploaded_image1_1617387184.jpg""); width: 441px;"
"1766760235-113","https://sn.coinafrique.com/categorie/chaussures-enfants?page=4","https://sn.coinafrique.com/annonce/chaussures-enfants/baskets-nike-air-force-enfants-3036156","Baskets Nike Air Force enfants","Prix sur demande","Colobane, Dakar, Sénégal","background-image: url(""https://images.coinafrique.com/3036156_uploaded_image1_1617387240.jpg""); width: 441px;"
"1766760237-114","https://sn.coinafrique.com/categorie/chaussures-enfants?page=4","https://sn.coinafrique.com/annonce/chaussures-enfants/baskets-jordan-enfants-3036158","Baskets Jordan enfants","Prix sur demande","Colobane, Dakar, Sénégal","background-image: url(""https://images.coinafrique.com/3036158_uploaded_image1_1617387289.jpg""); width: 441px;"
"1766760240-115","https://sn.coinafrique.com/categorie/chaussures-enfants?page=4","https://sn.coinafrique.com/annonce/chaussures-enfants/baskets-adidas-yeezy-3039797","Baskets Adidas Yeezy","10 000 CFA","Dakar, Sénégal","background-image: url(""https://images.coinafrique.com/3039797_uploaded_image1_1617561525.jpg""); width: 410px;"
"1766760242-116","https://sn.coinafrique.com/categorie/chaussures-enfants?page=4","https://sn.coinafrique.com/annonce/chaussures-enfants/chaussures-enfant-3039890","Chaussures enfant","10 000 CFA","Dakar, Sénégal","background-image: url(""https://images.coinafrique.com/3039890_uploaded_image1_1617564616.jpg""); width: 410px;"
"1766760245-117","https://sn.coinafrique.com/categorie/chaussures-enfants?page=4","https://sn.coinafrique.com/annonce/chaussures-enfants/mocassins-enfant-3039894","Mocassins enfant","10 000 CFA","Dakar, Sénégal","background-image: url(""https://images.coinafrique.com/3039894_uploaded_image1_1617564682.jpg""); width: 410px;"
"1766760247-118","https://sn.coinafrique.com/categorie/chaussures-enfants?page=4","https://sn.coinafrique.com/annonce/chaussures-enfants/chaussures-fillette-3039898","Chaussures fillette","10 000 CFA","Dakar, Sénégal","background-image: url(""https://images.coinafrique.com/3039898_uploaded_image1_1617564756.jpg""); width: 410px;"
"1766760250-119","https://sn.coinafrique.com/categorie/chaussures-enfants?page=4","https://sn.coinafrique.com/annonce/chaussures-enfants/chaussures-enfants-3040948","Chaussures enfants","10 000 CFA","Dakar, Sénégal","background-image: url(""https://images.coinafrique.com/3040948_uploaded_image1_1617626252.jpg""); width: 410px;"
"1766760252-120","https://sn.coinafrique.com/categorie/chaussures-enfants?page=4","https://sn.coinafrique.com/annonce/chaussures-enfants/chaussures-enfants-3040951","Chaussures Enfants","10 000 CFA","Dakar, Sénégal","background-image: url(""https://images.coinafrique.com/3040951_uploaded_image1_1617626335.jpg""); width: 410px;"
"1766760254-121","https://sn.coinafrique.com/categorie/chaussures-enfants?page=4","https://sn.coinafrique.com/annonce/chaussures-enfants/chaussures-bebe-3047895","Chaussures bébé","10 000 CFA","Dakar, Sénégal","background-image: url(""https://images.coinafrique.com/3047895_uploaded_image1_1617900785.jpg""); width: 497px;"
"1766760257-122","https://sn.coinafrique.com/categorie/chaussures-enfants?page=4","https://sn.coinafrique.com/annonce/chaussures-enfants/chaussures-enfant-3047901","Chaussures enfant","10 000 CFA","Dakar, Sénégal","background-image: url(""https://images.coinafrique.com/3047901_uploaded_image1_1617900953.jpg""); width: 497px;"
"1766760259-123","https://sn.coinafrique.com/categorie/chaussures-enfants?page=4","https://sn.coinafrique.com/annonce/chaussures-enfants/chaussures-enfant-3047906","Chaussures enfant","10 000 CFA","Ziguinchor, Sénégal","background-image: url(""https://images.coinafrique.com/3047906_uploaded_image1_1617901111.jpg""); width: 497px;"
"1766760262-124","https://sn.coinafrique.com/categorie/chaussures-enfants?page=4","https://sn.coinafrique.com/annonce/chaussures-enfants/baskets-adidas-stan-smith-pour-bebe-3048378","Baskets Adidas Stan Smith pour bébé","8 000 CFA","Dakar, Sénégal","background-image: url(""https://images.coinafrique.com/3048378_uploaded_image1_1617915277.jpg""); width: 410px;"
"1766760264-125","https://sn.coinafrique.com/categorie/chaussures-enfants?page=4","https://sn.coinafrique.com/annonce/chaussures-enfants/chaussures-enfants-3052212","Chaussures enfants","10 000 CFA","Dakar, Sénégal","background-image: url(""https://images.coinafrique.com/3052212_uploaded_image1_1618089468.jpg""); width: 404px;"
"1766760266-126","https://sn.coinafrique.com/categorie/chaussures-enfants?page=4","https://sn.coinafrique.com/annonce/chaussures-enfants/chaussures-enfants-3060194","Chaussures enfants","Prix sur demande","Grand Dakar, Dakar, Sénégal","background-image: url(""https://images.coinafrique.com/3060194_uploaded_image1_1618441376.jpg""); width: 466px;"
"1766760269-127","https://sn.coinafrique.com/categorie/chaussures-enfants?page=4","https://sn.coinafrique.com/annonce/chaussures-enfants/chaussures-enfants-3071128","Chaussures enfants","Prix sur demande","Grand Dakar, Dakar, Sénégal","background-image: url(""https://images.coinafrique.com/3071128_uploaded_image1_1618963694.jpg""); width: 466px;"
"1766760271-128","https://sn.coinafrique.com/categorie/chaussures-enfants?page=4","https://sn.coinafrique.com/annonce/chaussures-enfants/chaussures-enfant-3071648","Chaussures enfant","5 000 CFA","Dakar, Sénégal","background-image: url(""https://images.coinafrique.com/3071648_uploaded_image1_1619000211.jpg""); width: 671px;"
"1766760274-129","https://sn.coinafrique.com/categorie/chaussures-enfants?page=4","https://sn.coinafrique.com/annonce/chaussures-enfants/chaussures-enfant-3075527","Chaussures enfant","15 000 CFA","Dakar, Sénégal","background-image: url(""https://images.coinafrique.com/3075527_uploaded_image1_1619145411.jpg""); width: 539px;"
"1766760276-130","https://sn.coinafrique.com/categorie/chaussures-enfants?page=4","https://sn.coinafrique.com/annonce/chaussures-enfants/chaussures-enfants-3077278","Chaussures enfants","10 000 CFA","Dakar, Sénégal","background-image: url(""https://images.coinafrique.com/3077278_uploaded_image1_1619226701.jpg""); width: 539px;"
"1766760279-131","https://sn.coinafrique.com/categorie/chaussures-enfants?page=4","https://sn.coinafrique.com/annonce/chaussures-enfants/chaussures-enfant-3083915","Chaussures enfant","Prix sur demande","Grand Yoff, Dakar, Sénégal","background-image: url(""https://images.coinafrique.com/3083915_uploaded_image1_1619572325.jpg""); width: 484px;"
"1766760281-132","https://sn.coinafrique.com/categorie/chaussures-enfants?page=4","https://sn.coinafrique.com/annonce/chaussures-enfants/chaussures-fille-3084737","Chaussures  fille","5 500 CFA","Colobane, Dakar, Sénégal","background-image: url(""https://images.coinafrique.com/3084737_uploaded_image1_1619615814.jpg""); width: 387px;"
"1766760283-133","https://sn.coinafrique.com/categorie/chaussures-enfants?page=4","https://sn.coinafrique.com/annonce/chaussures-enfants/baskets-jordan-enfant-3085703","Baskets Jordan enfant","Prix sur demande","Colobane, Dakar, Sénégal","background-image: url(""https://images.coinafrique.com/3085703_uploaded_image1_1619658542.jpg""); width: 441px;"
"1766760286-134","https://sn.coinafrique.com/categorie/chaussures-enfants?page=4","https://sn.coinafrique.com/annonce/chaussures-enfants/chaussures-filles-3085706","Chaussures filles","Prix sur demande","Colobane, Dakar, Sénégal","background-image: url(""https://images.coinafrique.com/3085706_uploaded_image1_1619658731.jpg""); width: 441px;"
"1766760288-135","https://sn.coinafrique.com/categorie/chaussures-enfants?page=4","https://sn.coinafrique.com/annonce/chaussures-enfants/chaussures-enfant-3085707","Chaussures enfant","Prix sur demande","Colobane, Dakar, Sénégal","background-image: url(""https://images.coinafrique.com/3085707_uploaded_image1_1619658806.jpg""); width: 441px;"
"1766760291-136","https://sn.coinafrique.com/categorie/chaussures-enfants?page=4","https://sn.coinafrique.com/annonce/chaussures-enfants/chaussures-petite-fille-3088807","Chaussures petite fille","Prix sur demande","Dakar, Sénégal","background-image: url(""https://images.coinafrique.com/3088807_uploaded_image1_1619817848.jpg""); width: 452px;"
"1766760293-137","https://sn.coinafrique.com/categorie/chaussures-enfants?page=4","https://sn.coinafrique.com/annonce/chaussures-enfants/chaussures-enfant-3088810","Chaussures enfant","Prix sur demande","Dakar, Sénégal","background-image: url(""https://images.coinafrique.com/3088810_uploaded_image1_1619817941.jpg""); width: 452px;"
"1766760295-138","https://sn.coinafrique.com/categorie/chaussures-enfants?page=4","https://sn.coinafrique.com/annonce/chaussures-enfants/chaussures-enfant-3093302","Chaussures enfant","15 000 CFA","Biscuiterie, Dakar, Sénégal","background-image: url(""https://images.coinafrique.com/3093302_uploaded_image1_1620011941.jpg""); width: 539px;"
"1766760298-139","https://sn.coinafrique.com/categorie/chaussures-enfants?page=4","https://sn.coinafrique.com/annonce/chaussures-enfants/chaussures-a-talon-enfants-3095584","Chaussures à talon enfants","10 000 CFA","Dakar, Sénégal","background-image: url(""https://images.coinafrique.com/3095584_uploaded_image1_1620089749.jpg""); width: 374px;"
"1766760300-140","https://sn.coinafrique.com/categorie/chaussures-enfants?page=4","https://sn.coinafrique.com/annonce/chaussures-enfants/chaussures-fille-3099833","Chaussures fille","Prix sur demande","Grand Yoff, Dakar, Sénégal","background-image: url(""https://images.coinafrique.com/3099833_uploaded_image1_1620253098.jpg""); width: 412px;"
"1766760302-141","https://sn.coinafrique.com/categorie/chaussures-enfants?page=4","https://sn.coinafrique.com/annonce/chaussures-enfants/chaussures-enfant-3100228","Chaussures enfant","50 000 CFA","Fann-Point E-Amitié, Dakar, Sénégal","background-image: url(""https://images.coinafrique.com/3100228_uploaded_image1_1620285689.jpg""); width: 442px;"
"1766760305-142","https://sn.coinafrique.com/categorie/chaussures-enfants?page=4","https://sn.coinafrique.com/annonce/chaussures-enfants/chaussures-enfants-3102122","Chaussures enfants","10 000 CFA","Biscuiterie, Dakar, Sénégal","background-image: url(""https://images.coinafrique.com/3102122_uploaded_image1_1620341974.jpg""); width: 539px;"
"1766760307-143","https://sn.coinafrique.com/categorie/chaussures-enfants?page=4","https://sn.coinafrique.com/annonce/chaussures-enfants/chaussures-enfant-3102417","Chaussures enfant","6 000 CFA","Rufisque, Sénégal","background-image: url(""https://images.coinafrique.com/3102417_uploaded_image1_1620371690.jpg""); width: 671px;"
"1766760310-144","https://sn.coinafrique.com/categorie/chaussures-enfants?page=4","https://sn.coinafrique.com/annonce/chaussures-enfants/chaussures-enfants-3102419","Chaussures enfants","6 000 CFA","Almadies, Dakar, Sénégal","background-image: url(""https://images.coinafrique.com/3102419_uploaded_image1_1620371811.jpg""); width: 671px;"
"1766760312-145","https://sn.coinafrique.com/categorie/chaussures-enfants?page=4","https://sn.coinafrique.com/annonce/chaussures-enfants/chaussures-enfant-3102429","Chaussures enfant","3 500 CFA","Parcelle Assainies, Dakar, Sénégal","background-image: url(""https://images.coinafrique.com/3102429_uploaded_image1_1620372293.jpg""); width: 617px;"
"1766760315-146","https://sn.coinafrique.com/categorie/chaussures-enfants?page=4","https://sn.coinafrique.com/annonce/chaussures-enfants/chaussures-enfants-3102432","Chaussures enfants","6 000 CFA","Almadies, Dakar, Sénégal","background-image: url(""https://images.coinafrique.com/3102432_uploaded_image1_1620372465.jpg""); width: 671px;"
"1766760317-147","https://sn.coinafrique.com/categorie/chaussures-enfants?page=4","https://sn.coinafrique.com/annonce/chaussures-enfants/chaussures-enfants-3102441","Chaussures enfants","6 000 CFA","Almadies, Dakar, Sénégal","background-image: url(""https://images.coinafrique.com/3102441_uploaded_image1_1620372742.jpg""); width: 671px;"
"1766760319-148","https://sn.coinafrique.com/categorie/chaussures-enfants?page=4","https://sn.coinafrique.com/annonce/chaussures-enfants/chaussures-enfants-3105886","Chaussures enfants","2 500 CFA","Dieuppeul-Derklé, Dakar, Sénégal","background-image: url(""https://images.coinafrique.com/3105886_uploaded_image1_1620525968.jpg""); width: 568px;"
"1766760322-149","https://sn.coinafrique.com/categorie/chaussures-enfants?page=4","https://sn.coinafrique.com/annonce/chaussures-enfants/chaussures-crops-bebe-3106484","Chaussures crops bébé","5 000 CFA","Mermoz-Sacré Coeur, Dakar, Sénégal","background-image: url(""https://images.coinafrique.com/3106484_uploaded_image1_1620567535.jpg""); width: 549px;"
"1766760324-150","https://sn.coinafrique.com/categorie/chaussures-enfants?page=4","https://sn.coinafrique.com/annonce/chaussures-enfants/chaussures-enfant-3124327","Chaussures enfant","8 500 CFA","Grand Dakar, Dakar, Sénégal","background-image: url(""https://images.coinafrique.com/3124327_uploaded_image1_1621494874.jpg""); width: 374px;"
"1766760326-151","https://sn.coinafrique.com/categorie/chaussures-enfants?page=4","https://sn.coinafrique.com/annonce/chaussures-enfants/chaussures-orthopediques-enfants-3128593","Chaussures orthopédiques enfants","12 000 CFA","Rufisque, Sénégal","background-image: url(""https://images.coinafrique.com/3128593_uploaded_image1_1621701550.jpg""); width: 416px;"
"1766760329-152","https://sn.coinafrique.com/categorie/chaussures-enfants?page=4","https://sn.coinafrique.com/annonce/chaussures-enfants/chaussures-bebe-3136795","Chaussures bébé","6 000 CFA","Parcelle Assainies, Dakar, Sénégal","background-image: url(""https://images.coinafrique.com/3136795_uploaded_image1_1622129786.jpg""); width: 531px;"
"1766760331-153","https://sn.coinafrique.com/categorie/chaussures-enfants?page=4","https://sn.coinafrique.com/annonce/chaussures-enfants/chaussures-enfant-3138741","Chaussures enfant","5 000 CFA","Colobane, Dakar, Sénégal","background-image: url(""https://images.coinafrique.com/3138741_uploaded_image1_1622222899.jpg""); width: 558px;"
"1766760334-154","https://sn.coinafrique.com/categorie/chaussures-enfants?page=4","https://sn.coinafrique.com/annonce/chaussures-enfants/chaussures-enfant-3138744","Chaussures enfant","5 000 CFA","Colobane, Dakar, Sénégal","background-image: url(""https://images.coinafrique.com/3138744_uploaded_image1_1622222944.jpg""); width: 558px;"
"1766760337-155","https://sn.coinafrique.com/categorie/chaussures-enfants?page=4","https://sn.coinafrique.com/annonce/chaussures-enfants/chaussures-bebe-3140539","Chaussures bébé","6 000 CFA","Parcelle Assainies, Dakar, Sénégal","background-image: url(""https://images.coinafrique.com/3140539_uploaded_image1_1622331287.jpg""); width: 531px;"
"1766760339-156","https://sn.coinafrique.com/categorie/chaussures-enfants?page=4","https://sn.coinafrique.com/annonce/chaussures-enfants/chaussures-enfant-3141001","Chaussures enfant","Prix sur demande","Colobane, Dakar, Sénégal","background-image: url(""https://images.coinafrique.com/3141001_uploaded_image1_1622376331.jpg""); width: 441px;"
"1766760342-157","https://sn.coinafrique.com/categorie/chaussures-enfants?page=4","https://sn.coinafrique.com/annonce/chaussures-enfants/chaussures-enfants-3141004","Chaussures enfants","Prix sur demande","Colobane, Dakar, Sénégal","background-image: url(""https://images.coinafrique.com/3141004_uploaded_image2_1622376414.jpeg""); width: 441px;"
"1766760344-158","https://sn.coinafrique.com/categorie/chaussures-enfants?page=4","https://sn.coinafrique.com/annonce/chaussures-enfants/chaussures-bebe-3156703","Chaussures bébé","5 000 CFA","HLM, Dakar, Sénégal","background-image: url(""https://images.coinafrique.com/3156703_uploaded_image1_1623001294.jpg""); width: 592px;"
"1766760346-159","https://sn.coinafrique.com/categorie/chaussures-enfants?page=4","https://sn.coinafrique.com/annonce/chaussures-enfants/chaussures-enfants-3163306","Chaussures enfants","Prix sur demande","Colobane, Dakar, Sénégal","background-image: url(""https://images.coinafrique.com/3163306_uploaded_image1_1623261796.jpg""); width: 441px;"
"1766760349-160","https://sn.coinafrique.com/categorie/chaussures-enfants?page=4","https://sn.coinafrique.com/annonce/chaussures-enfants/baskets-air-jordan-enfant-3171528","Baskets Air Jordan enfant","15 000 CFA","Point E, Dakar, Sénégal","background-image: url(""https://images.coinafrique.com/3171528_uploaded_image1_1623678884.jpg""); width: 448px;"
"1766760375-161","https://sn.coinafrique.com/categorie/chaussures-enfants?page=4","https://sn.coinafrique.com/annonce/chaussures-enfants/baskets-enfant-3196322","Baskets enfant","Prix sur demande","Colobane, Dakar, Sénégal",""
"1766760378-162","https://sn.coinafrique.com/categorie/chaussures-enfants?page=4","https://sn.coinafrique.com/annonce/chaussures-enfants/chaussures-a-talon-enfant-3202429","Chaussures à talon enfant","Prix sur demande","Dakar, Sénégal","background-image: url(""https://images.coinafrique.com/3202429_uploaded_image3_1625166497.jpeg""); width: 383px;"
"1766760380-163","https://sn.coinafrique.com/categorie/chaussures-enfants?page=4","https://sn.coinafrique.com/annonce/chaussures-enfants/chaussures-enfants-3214892","Chaussures enfants","Prix sur demande","Colobane, Dakar, Sénégal","background-image: url(""https://images.coinafrique.com/3214892_uploaded_image2_1625663433.jpeg""); width: 441px;"
"1766760383-164","https://sn.coinafrique.com/categorie/chaussures-enfants?page=4","https://sn.coinafrique.com/annonce/chaussures-enfants/chaussures-enfant-3214895","Chaussures enfant","Prix sur demande","Colobane, Dakar, Sénégal","background-image: url(""https://images.coinafrique.com/3214895_uploaded_image1_1625663507.jpg""); width: 441px;"
"1766760385-165","https://sn.coinafrique.com/categorie/chaussures-enfants?page=4","https://sn.coinafrique.com/annonce/chaussures-enfants/chaussures-enfant-3217457","Chaussures enfant","10 000 CFA","Hann Bel-Air, Dakar, Sénégal","background-image: url(""https://images.coinafrique.com/3217457_uploaded_image1_1625760969.jpg""); width: 497px;"
"1766760388-166","https://sn.coinafrique.com/categorie/chaussures-enfants?page=4","https://sn.coinafrique.com/annonce/chaussures-enfants/chaussures-enfant-3217486","Chaussures enfant","10 000 CFA","Hann Bel-Air, Dakar, Sénégal","background-image: url(""https://images.coinafrique.com/3217486_uploaded_image1_1625761437.jpg""); width: 497px;"
"1766760390-167","https://sn.coinafrique.com/categorie/chaussures-enfants?page=4","https://sn.coinafrique.com/annonce/chaussures-enfants/chaussures-enfant-3217622","Chaussures enfant","10 000 CFA","Hann Bel-Air, Dakar, Sénégal","background-image: url(""https://images.coinafrique.com/3217622_uploaded_image1_1625766711.jpg""); width: 497px;"
"1766760392-168","https://sn.coinafrique.com/categorie/chaussures-enfants?page=4","https://sn.coinafrique.com/annonce/chaussures-enfants/chaussures-enfants-3217628","Chaussures enfants","10 000 CFA","Hann Bel-Air, Dakar, Sénégal","background-image: url(""https://images.coinafrique.com/3217628_uploaded_image1_1625766871.jpg""); width: 497px;"
"1766760400-169","https://sn.coinafrique.com/categorie/chaussures-enfants?page=3","https://sn.coinafrique.com/annonce/chaussures-enfants/chaussures-enfants-3219227","Chaussures enfants","Prix sur demande","Colobane, Dakar, Sénégal","background-image: url(""https://images.coinafrique.com/3219227_uploaded_image1_1625842539.jpg""); width: 441px;"
"1766760402-170","https://sn.coinafrique.com/categorie/chaussures-enfants?page=3","https://sn.coinafrique.com/annonce/chaussures-enfants/chaussures-enfant-3219232","Chaussures enfant","Prix sur demande","Colobane, Dakar, Sénégal","background-image: url(""https://images.coinafrique.com/3219232_uploaded_image1_1625842643.jpg""); width: 441px;"
"1766760404-171","https://sn.coinafrique.com/categorie/chaussures-enfants?page=3","https://sn.coinafrique.com/annonce/chaussures-enfants/chaussures-enfant-3219248","Chaussures enfant","Prix sur demande","Colobane, Dakar, Sénégal","background-image: url(""https://images.coinafrique.com/3219248_uploaded_image1_1625842846.jpg""); width: 441px;"
"1766760407-172","https://sn.coinafrique.com/categorie/chaussures-enfants?page=3","https://sn.coinafrique.com/annonce/chaussures-enfants/chaussures-enfants-3222222","Chaussures enfants","Prix sur demande","Colobane, Dakar, Sénégal","background-image: url(""https://images.coinafrique.com/3222222_uploaded_image1_1626008303.jpg""); width: 558px;"
"1766760409-173","https://sn.coinafrique.com/categorie/chaussures-enfants?page=3","https://sn.coinafrique.com/annonce/chaussures-enfants/chaussures-enfant-3224546","Chaussures  enfant","15 000 CFA","Dakar Plateau, Dakar, Sénégal","background-image: url(""https://images.coinafrique.com/3224546_uploaded_image1_1626108022.jpg""); width: 374px;"
"1766760411-174","https://sn.coinafrique.com/categorie/chaussures-enfants?page=3","https://sn.coinafrique.com/annonce/chaussures-enfants/chaussures-enfants-3227293","Chaussures Enfants","10 000 CFA","Biscuiterie, Dakar, Sénégal","background-image: url(""https://images.coinafrique.com/3227293_uploaded_image1_1626223659.jpg""); width: 539px;"
"1766760414-175","https://sn.coinafrique.com/categorie/chaussures-enfants?page=3","https://sn.coinafrique.com/annonce/chaussures-enfants/babouches-enfant-3231496","Babouches enfant","7 000 CFA","Hann Bel-Air, Dakar, Sénégal","background-image: url(""https://images.coinafrique.com/3231496_uploaded_image1_1626390253.jpg""); width: 390px;"
"1766760416-176","https://sn.coinafrique.com/categorie/chaussures-enfants?page=3","https://sn.coinafrique.com/annonce/chaussures-enfants/chaussures-enfant-3247099","Chaussures enfant","15 000 CFA","Grand Yoff, Dakar, Sénégal","background-image: url(""https://images.coinafrique.com/3247099_uploaded_image1_1627387079.jpg""); width: 458px;"
"1766760419-177","https://sn.coinafrique.com/categorie/chaussures-enfants?page=3","https://sn.coinafrique.com/annonce/chaussures-enfants/chaussures-fille-3252340","Chaussures  fille","12 500 CFA","Dakar, Sénégal","background-image: url(""https://images.coinafrique.com/3252340_uploaded_image1_1627653888.jpg""); width: 622px;"
"1766760421-178","https://sn.coinafrique.com/categorie/chaussures-enfants?page=3","https://sn.coinafrique.com/annonce/chaussures-enfants/chaussures-enfant-3267690","Chaussures enfant","3 000 CFA","Mermoz-Sacré Coeur, Dakar, Sénégal","background-image: url(""https://images.coinafrique.com/3267690_uploaded_image1_1628334320.jpg""); width: 549px;"
"1766760451-179","https://sn.coinafrique.com/categorie/chaussures-enfants?page=3","https://sn.coinafrique.com/annonce/chaussures-enfants/chaussures-enfant-3288165","Chaussures enfant","13 500 CFA","Dakar, Sénégal","background-image: url(""https://images.coinafrique.com/3288165_uploaded_image2_1629374193.jpeg""); width: 576px;"
"1766760453-180","https://sn.coinafrique.com/categorie/chaussures-enfants?page=3","https://sn.coinafrique.com/annonce/chaussures-enfants/chaussures-enfants-3288168","Chaussures enfants","13 500 CFA","Dakar, Sénégal","background-image: url(""https://images.coinafrique.com/3288168_uploaded_image1_1629374275.jpg""); width: 576px;"
"1766760458-181","https://sn.coinafrique.com/categorie/chaussures-enfants?page=3","https://sn.coinafrique.com/annonce/chaussures-enfants/chaussures-enfants-3305453","Chaussures enfants","2 500 CFA","Dakar, Sénégal","background-image: url(""https://images.coinafrique.com/3305453_uploaded_image2_1630348767.jpeg""); width: 455px;"
"1766760460-182","https://sn.coinafrique.com/categorie/chaussures-enfants?page=3","https://sn.coinafrique.com/annonce/chaussures-enfants/chaussures-enfant-3312395","Chaussures enfant","13 500 CFA","Dakar, Sénégal","background-image: url(""https://images.coinafrique.com/3312395_uploaded_image1_1630601772.jpg""); width: 576px;"
"1766760464-183","https://sn.coinafrique.com/categorie/chaussures-enfants?page=3","https://sn.coinafrique.com/annonce/chaussures-enfants/baskets-enfants-3316031","Baskets enfants","7 000 CFA","Colobane, Dakar, Sénégal","background-image: url(""https://images.coinafrique.com/3316031_uploaded_image1_1630757466.jpg""); width: 399px;"
"1766760466-184","https://sn.coinafrique.com/categorie/chaussures-enfants?page=3","https://sn.coinafrique.com/annonce/chaussures-enfants/mocassins-enfant-3319920","Mocassins enfant","15 000 CFA","Dakar, Sénégal","background-image: url(""https://images.coinafrique.com/3319920_uploaded_image1_1630947708.jpg""); width: 484px;"
"1766760469-185","https://sn.coinafrique.com/categorie/chaussures-enfants?page=3","https://sn.coinafrique.com/annonce/chaussures-enfants/baskets-enfants-3327812","Baskets enfants","7 000 CFA","Colobane, Dakar, Sénégal","background-image: url(""https://images.coinafrique.com/3327812_uploaded_image1_1631278298.jpg""); width: 399px;"
"1766760473-186","https://sn.coinafrique.com/categorie/chaussures-enfants?page=3","https://sn.coinafrique.com/annonce/chaussures-enfants/chaussures-enfant-3336753","Chaussures enfant","5 000 CFA","Hann Bel-Air, Dakar, Sénégal","background-image: url(""https://images.coinafrique.com/3336753_uploaded_image1_1631736848.jpg""); width: 403px;"
"1766760501-187","https://sn.coinafrique.com/categorie/chaussures-enfants?page=3","https://sn.coinafrique.com/annonce/chaussures-enfants/mocassins-enfant-en-daim-3354895","Mocassins enfant en daim","15 000 CFA","Dakar Plateau, Dakar, Sénégal","background-image: url(""https://images.coinafrique.com/3354895_uploaded_image2_1632752207.jpeg""); width: 591px;"
"1766760503-188","https://sn.coinafrique.com/categorie/chaussures-enfants?page=3","https://sn.coinafrique.com/annonce/chaussures-enfants/chaussures-enfant-3365662","Chaussures enfant","6 000 CFA","Guediawaye, Dakar, Sénégal","background-image: url(""https://images.coinafrique.com/3365662_uploaded_image1_1633268172.jpg""); width: 398px;"
"1766760508-189","https://sn.coinafrique.com/categorie/chaussures-enfants?page=3","https://sn.coinafrique.com/annonce/chaussures-enfants/chaussures-enfants-3370357","Chaussures enfants","12 000 CFA","Dakar, Sénégal","background-image: url(""https://images.coinafrique.com/3370357_uploaded_image1_1633470461.jpg""); width: 391px;"
"1766760510-190","https://sn.coinafrique.com/categorie/chaussures-enfants?page=3","https://sn.coinafrique.com/annonce/chaussures-enfants/chaussures-enfant-friperie-3372289","Chaussures enfant friperie","Prix sur demande","Colobane, Dakar, Sénégal","background-image: url(""https://images.coinafrique.com/3372289_uploaded_image1_1633544246.jpg""); width: 441px;"
"1766760519-191","https://sn.coinafrique.com/categorie/chaussures-enfants?page=3","https://sn.coinafrique.com/annonce/chaussures-enfants/chaussures-orthopediques-enfants-3378261","Chaussures orthopédiques enfants","6 500 CFA","Grand Yoff, Dakar, Sénégal",""
"1766760525-192","https://sn.coinafrique.com/categorie/chaussures-enfants?page=3","https://sn.coinafrique.com/annonce/chaussures-enfants/chaussures-pour-enfants-3391943","Chaussures pour enfants","12 000 CFA","Dakar, Sénégal","background-image: url(""https://images.coinafrique.com/3391943_uploaded_image1_1634574064.jpg""); width: 391px;"
"1766760528-193","https://sn.coinafrique.com/categorie/chaussures-enfants?page=3","https://sn.coinafrique.com/annonce/chaussures-enfants/baskets-enfant-3398164","Baskets enfant","14 000 CFA","Guediawaye, Dakar, Sénégal","background-image: url(""https://images.coinafrique.com/3398164_uploaded_image1_1634895995.jpg""); width: 474px;"
"1766760530-194","https://sn.coinafrique.com/categorie/chaussures-enfants?page=3","https://sn.coinafrique.com/annonce/chaussures-enfants/chaussures-enfant-3400230","Chaussures enfant","Prix sur demande","Colobane, Dakar, Sénégal","background-image: url(""https://images.coinafrique.com/3400230_uploaded_image1_1634998844.jpg""); width: 441px;"
"1766760532-195","https://sn.coinafrique.com/categorie/chaussures-enfants?page=3","https://sn.coinafrique.com/annonce/chaussures-enfants/chaussures-enfant-3400235","Chaussures enfant","Prix sur demande","Colobane, Dakar, Sénégal","background-image: url(""https://images.coinafrique.com/3400235_uploaded_image1_1634998926.jpg""); width: 441px;"
"1766760535-196","https://sn.coinafrique.com/categorie/chaussures-enfants?page=3","https://sn.coinafrique.com/annonce/chaussures-enfants/sandales-fillettes-3401225","Sandales fillettes","1 500 CFA","Patte d'oie, Dakar, Sénégal","background-image: url(""https://images.coinafrique.com/3401225_uploaded_image1_1635079810.jpg""); width: 520px;"
"1766760537-197","https://sn.coinafrique.com/categorie/chaussures-enfants?page=3","https://sn.coinafrique.com/annonce/chaussures-enfants/sandales-fillettes-3401227","Sandales fillettes","1 500 CFA","Patte d'oie, Dakar, Sénégal","background-image: url(""https://images.coinafrique.com/3401227_uploaded_image1_1635079924.jpg""); width: 520px;"
"1766760539-198","https://sn.coinafrique.com/categorie/chaussures-enfants?page=3","https://sn.coinafrique.com/annonce/chaussures-enfants/chaussures-enfants-3415124","Chaussures enfants","2 000 CFA","Mbao, Dakar, Sénégal","background-image: url(""https://images.coinafrique.com/3415124_uploaded_image1_1635810270.jpg""); width: 374px;"
"1766760542-199","https://sn.coinafrique.com/categorie/chaussures-enfants?page=3","https://sn.coinafrique.com/annonce/chaussures-enfants/sandales-petites-filles-3415129","Sandales petites filles","2 000 CFA","Mbao, Dakar, Sénégal","background-image: url(""https://images.coinafrique.com/3415129_uploaded_image1_1635810651.jpg""); width: 374px;"
"1766760544-200","https://sn.coinafrique.com/categorie/chaussures-enfants?page=3","https://sn.coinafrique.com/annonce/chaussures-enfants/baskets-nike-jordan-enfants-3429274","Baskets Nike Jordan enfants","Prix sur demande","Mbao, Dakar, Sénégal","background-image: url(""https://images.coinafrique.com/3429274_uploaded_image1_1636462416.jpg""); width: 547px;"
"1766760547-201","https://sn.coinafrique.com/categorie/chaussures-enfants?page=3","https://sn.coinafrique.com/annonce/chaussures-enfants/chaussures-orthopediques-enfant-3429468","Chaussures orthopédiques enfant","4 500 CFA","Grand Yoff, Dakar, Sénégal","background-image: url(""https://images.coinafrique.com/3429468_uploaded_image1_1636466917.jpg""); width: 416px;"
"1766760549-202","https://sn.coinafrique.com/categorie/chaussures-enfants?page=3","https://sn.coinafrique.com/annonce/chaussures-enfants/chaussures-enfant-3432590","Chaussures enfant","7 000 CFA","Dakar Plateau, Dakar, Sénégal","background-image: url(""https://images.coinafrique.com/3432590_uploaded_image2_1636625019.jpeg""); width: 413px;"
"1766760555-203","https://sn.coinafrique.com/categorie/chaussures-enfants?page=3","https://sn.coinafrique.com/annonce/chaussures-enfants/chaussettes-bebe-3451771","Chaussettes bébé","9 000 CFA","HLM, Dakar, Sénégal","background-image: url(""https://images.coinafrique.com/3451771_uploaded_image1_1637718423.jpg""); width: 476px;"
"1766760558-204","https://sn.coinafrique.com/categorie/chaussures-enfants?page=3","https://sn.coinafrique.com/annonce/chaussures-enfants/chaussures-enfant-3462497","Chaussures  enfant","Prix sur demande","Colobane, Dakar, Sénégal","background-image: url(""https://images.coinafrique.com/3462497_uploaded_image1_1638375172.jpg""); width: 441px;"
"1766760561-205","https://sn.coinafrique.com/categorie/chaussures-enfants?page=3","https://sn.coinafrique.com/annonce/chaussures-enfants/chaussures-enfant-3462499","Chaussures enfant","Prix sur demande","Colobane, Dakar, Sénégal","background-image: url(""https://images.coinafrique.com/3462499_uploaded_image1_1638375239.jpg""); width: 441px;"
"1766760563-206","https://sn.coinafrique.com/categorie/chaussures-enfants?page=3","https://sn.coinafrique.com/annonce/chaussures-enfants/chaussures-enfants-3462501","Chaussures enfants","Prix sur demande","Colobane, Dakar, Sénégal","background-image: url(""https://images.coinafrique.com/3462501_uploaded_image1_1638375325.jpg""); width: 441px;"
"1766760565-207","https://sn.coinafrique.com/categorie/chaussures-enfants?page=3","https://sn.coinafrique.com/annonce/chaussures-enfants/ballerines-enfant-3468451","Ballerines enfant","10 000 CFA","Ouest Foire, Dakar, Sénégal","background-image: url(""https://images.coinafrique.com/3468451_uploaded_image1_1638628031.jpg""); width: 381px;"
"1766760568-208","https://sn.coinafrique.com/categorie/chaussures-enfants?page=3","https://sn.coinafrique.com/annonce/chaussures-enfants/chaussures-enfant-3475296","Chaussures enfant","Prix sur demande","Colobane, Dakar, Sénégal","background-image: url(""https://images.coinafrique.com/3475296_uploaded_image1_1638981582.jpg""); width: 441px;"
"1766760570-209","https://sn.coinafrique.com/categorie/chaussures-enfants?page=3","https://sn.coinafrique.com/annonce/chaussures-enfants/sandales-pour-enfants-3481315","Sandales pour enfants","1 000 CFA","Patte d'oie, Dakar, Sénégal","background-image: url(""https://images.coinafrique.com/3481315_uploaded_image1_1639352929.jpg""); width: 520px;"
"1766760573-210","https://sn.coinafrique.com/categorie/chaussures-enfants?page=3","https://sn.coinafrique.com/annonce/chaussures-enfants/souliers-enfants-3486610","Souliers enfants","15 000 CFA","Dieuppeul-Derklé, Dakar, Sénégal","background-image: url(""https://images.coinafrique.com/3486610_uploaded_image1_1639656374.jpg""); width: 374px;"
"1766760575-211","https://sn.coinafrique.com/categorie/chaussures-enfants?page=3","https://sn.coinafrique.com/annonce/chaussures-enfants/chaussures-en-cuir-3495410","Chaussures  en cuir","12 000 CFA","Grand Yoff, Dakar, Sénégal","background-image: url(""https://images.coinafrique.com/3495410_uploaded_image1_1640264833.jpg""); width: 525px;"
"1766760578-212","https://sn.coinafrique.com/categorie/chaussures-enfants?page=3","https://sn.coinafrique.com/annonce/chaussures-enfants/baskets-enfants-nike-3495835","Baskets enfants Nike","Prix sur demande","Colobane, Dakar, Sénégal","background-image: url(""https://images.coinafrique.com/3495835_uploaded_image1_1640284287.jpg""); width: 441px;"
"1766760581-213","https://sn.coinafrique.com/categorie/chaussures-enfants?page=3","https://sn.coinafrique.com/annonce/chaussures-enfants/baskets-nike-enfant-3496189","Baskets Nike enfant","15 000 CFA","Biscuiterie, Dakar, Sénégal","background-image: url(""https://images.coinafrique.com/3496189_uploaded_image2_1640319435.jpeg""); width: 539px;"
"1766760584-214","https://sn.coinafrique.com/categorie/chaussures-enfants?page=3","https://sn.coinafrique.com/annonce/chaussures-enfants/chaussures-enfant-3513868","Chaussures enfant","10 000 CFA","Guediawaye, Dakar, Sénégal","background-image: url(""https://images.coinafrique.com/3513868_uploaded_image1_1641563929.jpg""); width: 671px;"
"1766760586-215","https://sn.coinafrique.com/categorie/chaussures-enfants?page=3","https://sn.coinafrique.com/annonce/chaussures-enfants/baskets-friperie-nike-enfants-3526935","Baskets friperie Nike enfants","Prix sur demande","Colobane, Dakar, Sénégal","background-image: url(""https://images.coinafrique.com/3526935_uploaded_image1_1642345866.jpg""); width: 407px;"
"1766760592-216","https://sn.coinafrique.com/categorie/chaussures-enfants?page=3","https://sn.coinafrique.com/annonce/chaussures-enfants/chaussures-enfant-friperie-3526938","Chaussures enfant friperie","Prix sur demande","Colobane, Dakar, Sénégal",""
"1766760595-217","https://sn.coinafrique.com/categorie/chaussures-enfants?page=3","https://sn.coinafrique.com/annonce/chaussures-enfants/chaussures-friperie-enfants-3526941","Chaussures friperie enfants","Prix sur demande","Colobane, Dakar, Sénégal","background-image: url(""https://images.coinafrique.com/3526941_uploaded_image1_1642346098.jpg""); width: 407px;"
"1766760597-218","https://sn.coinafrique.com/categorie/chaussures-enfants?page=3","https://sn.coinafrique.com/annonce/chaussures-enfants/chaussures-enfant-friperie-3528219","Chaussures enfant friperie","Prix sur demande","Colobane, Dakar, Sénégal","background-image: url(""https://images.coinafrique.com/3528219_uploaded_image1_1642431351.jpg""); width: 407px;"
"1766760600-219","https://sn.coinafrique.com/categorie/chaussures-enfants?page=3","https://sn.coinafrique.com/annonce/chaussures-enfants/chaussures-enfant-friperie-3528221","Chaussures enfant friperie","Prix sur demande","Colobane, Dakar, Sénégal","background-image: url(""https://images.coinafrique.com/3528221_uploaded_image1_1642431390.jpg""); width: 407px;"
"1766760602-220","https://sn.coinafrique.com/categorie/chaussures-enfants?page=3","https://sn.coinafrique.com/annonce/chaussures-enfants/pantoufles-3529128","Pantoufles","4 000 CFA","Cambérène, Dakar, Sénégal","background-image: url(""https://images.coinafrique.com/3529128_uploaded_image1_1642500345.jpg""); width: 436px;"
"1766760604-221","https://sn.coinafrique.com/categorie/chaussures-enfants?page=3","https://sn.coinafrique.com/annonce/chaussures-enfants/pantoufles-enfant-3533457","Pantoufles enfant","4 000 CFA","Cambérène, Dakar, Sénégal","background-image: url(""https://images.coinafrique.com/3533457_uploaded_image1_1642754956.jpg""); width: 436px;"
"1766760607-222","https://sn.coinafrique.com/categorie/chaussures-enfants?page=3","https://sn.coinafrique.com/annonce/chaussures-enfants/chaussures-enfants-3537500","Chaussures enfants","11 000 CFA","Colobane, Dakar, Sénégal","background-image: url(""https://images.coinafrique.com/3537500_uploaded_image1_1643045085.jpg""); width: 533px;"
"1766760609-223","https://sn.coinafrique.com/categorie/chaussures-enfants?page=3","https://sn.coinafrique.com/annonce/chaussures-enfants/chaussures-fille-3543253","Chaussures fille","2 000 CFA","Mermoz-Sacré Coeur, Dakar, Sénégal","background-image: url(""https://images.coinafrique.com/3543253_uploaded_image1_1643397434.jpg""); width: 527px;"
"1766760612-224","https://sn.coinafrique.com/categorie/chaussures-enfants?page=3","https://sn.coinafrique.com/annonce/chaussures-enfants/chaussures-enfants-friperie-3544110","Chaussures enfants friperie","Prix sur demande","Colobane, Dakar, Sénégal","background-image: url(""https://images.coinafrique.com/3544110_uploaded_image1_1643467157.jpg""); width: 441px;"
"1766760614-225","https://sn.coinafrique.com/categorie/chaussures-enfants?page=3","https://sn.coinafrique.com/annonce/chaussures-enfants/chaussures-enfant-friperie-3566810","Chaussures enfant friperie","Prix sur demande","Colobane, Dakar, Sénégal","background-image: url(""https://images.coinafrique.com/3566810_uploaded_image1_1644828396.jpg""); width: 407px;"
"1766760616-226","https://sn.coinafrique.com/categorie/chaussures-enfants?page=3","https://sn.coinafrique.com/annonce/chaussures-enfants/chaussures-enfant-friperie-3566813","Chaussures enfant friperie","Prix sur demande","Colobane, Dakar, Sénégal","background-image: url(""https://images.coinafrique.com/3566813_uploaded_image1_1644828469.jpg""); width: 407px;"
"1766760619-227","https://sn.coinafrique.com/categorie/chaussures-enfants?page=3","https://sn.coinafrique.com/annonce/chaussures-enfants/chaussures-enfants-3579013","Chaussures enfants","5 000 CFA","Medina, Dakar, Sénégal","background-image: url(""https://images.coinafrique.com/3579013_uploaded_image1_1645581208.jpg""); width: 374px;"
"1766760622-228","https://sn.coinafrique.com/categorie/chaussures-enfants?page=3","https://sn.coinafrique.com/annonce/chaussures-enfants/baskets-air-force-one-3599487","Baskets Air Force One","Prix sur demande","Colobane, Dakar, Sénégal","background-image: url(""https://images.coinafrique.com/3599487_uploaded_image1_1646755996.jpg""); width: 441px;"
"1766760624-229","https://sn.coinafrique.com/categorie/chaussures-enfants?page=3","https://sn.coinafrique.com/annonce/chaussures-enfants/ballerines-enfant-3617411","Ballerines enfant","7 000 CFA","Grand Yoff, Dakar, Sénégal","background-image: url(""https://images.coinafrique.com/3617411_uploaded_image1_1647863237.jpg""); width: 525px;"
"1766760626-230","https://sn.coinafrique.com/categorie/chaussures-enfants?page=3","https://sn.coinafrique.com/annonce/chaussures-enfants/chaussures-enfants-3641151","Chaussures enfants","7 000 CFA","Grand Yoff, Dakar, Sénégal","background-image: url(""https://images.coinafrique.com/3641151_uploaded_image2_1649247824.jpeg""); width: 525px;"
"1766760629-231","https://sn.coinafrique.com/categorie/chaussures-enfants?page=3","https://sn.coinafrique.com/annonce/chaussures-enfants/chaussures-enfant-3641983","Chaussures enfant","3 500 CFA","Thies, Sénégal","background-image: url(""https://images.coinafrique.com/3641983_uploaded_image1_1649278750.jpg""); width: 450px;"
"1766760631-232","https://sn.coinafrique.com/categorie/chaussures-enfants?page=3","https://sn.coinafrique.com/annonce/chaussures-enfants/chaussures-enfant-3669952","Chaussures enfant","Prix sur demande","Colobane, Dakar, Sénégal","background-image: url(""https://images.coinafrique.com/3669952_uploaded_image1_1650975316.jpg""); width: 441px;"
"1766760633-233","https://sn.coinafrique.com/categorie/chaussures-enfants?page=3","https://sn.coinafrique.com/annonce/chaussures-enfants/chaussures-enfant-3669956","Chaussures enfant","Prix sur demande","Colobane, Dakar, Sénégal","background-image: url(""https://images.coinafrique.com/3669956_uploaded_image2_1650975375.jpeg""); width: 441px;"
"1766760636-234","https://sn.coinafrique.com/categorie/chaussures-enfants?page=3","https://sn.coinafrique.com/annonce/chaussures-enfants/chaussures-enfant-3669958","Chaussures enfant","Prix sur demande","Colobane, Dakar, Sénégal","background-image: url(""https://images.coinafrique.com/3669958_uploaded_image3_1650975432.jpeg""); width: 441px;"
"1766760638-235","https://sn.coinafrique.com/categorie/chaussures-enfants?page=3","https://sn.coinafrique.com/annonce/chaussures-enfants/chaussures-enfants-3673159","Chaussures enfants","10 000 CFA","Parcelle Assainies, Dakar, Sénégal","background-image: url(""https://images.coinafrique.com/3673159_uploaded_image3_1651154872.jpeg""); width: 397px;"
"1766760641-236","https://sn.coinafrique.com/categorie/chaussures-enfants?page=3","https://sn.coinafrique.com/annonce/chaussures-enfants/chaussures-enfants-3673165","Chaussures enfants","10 000 CFA","Parcelle Assainies, Dakar, Sénégal","background-image: url(""https://images.coinafrique.com/3673165_uploaded_image2_1651154980.jpeg""); width: 397px;"
"1766760643-237","https://sn.coinafrique.com/categorie/chaussures-enfants?page=3","https://sn.coinafrique.com/annonce/chaussures-enfants/chaussures-enfants-3673169","Chaussures enfants","10 000 CFA","Parcelle Assainies, Dakar, Sénégal","background-image: url(""https://images.coinafrique.com/3673169_uploaded_image2_1651155111.jpeg""); width: 397px;"
"1766760647-238","https://sn.coinafrique.com/categorie/chaussures-enfants?page=3","https://sn.coinafrique.com/annonce/chaussures-enfants/chaussures-enfants-3641537","Chaussures enfants","7 000 CFA","Dakar, Sénégal","background-image: url(""https://images.coinafrique.com/3641537_uploaded_image1_1649258723.jpg""); width: 484px;"
"1766760649-239","https://sn.coinafrique.com/categorie/chaussures-enfants?page=3","https://sn.coinafrique.com/annonce/chaussures-enfants/baskets-enfant-3690626","Baskets enfant","15 000 CFA","Biscuiterie, Dakar, Sénégal","background-image: url(""https://images.coinafrique.com/3690626_uploaded_image1_1652255965.jpg""); width: 539px;"
"1766760651-240","https://sn.coinafrique.com/categorie/chaussures-enfants?page=3","https://sn.coinafrique.com/annonce/chaussures-enfants/chaussures-enfants-3699436","Chaussures enfants","13 000 CFA","Dakar, Sénégal","background-image: url(""https://images.coinafrique.com/3699436_uploaded_image1_1652782683.jpg""); width: 576px;"
"1766760654-241","https://sn.coinafrique.com/categorie/chaussures-enfants?page=3","https://sn.coinafrique.com/annonce/chaussures-enfants/chaussures-enfants-3672156","Chaussures enfants","10 000 CFA","Hann Bel-Air, Dakar, Sénégal","background-image: url(""https://images.coinafrique.com/3672156_uploaded_image1_1651092639.jpg""); width: 671px;"
"1766760656-242","https://sn.coinafrique.com/categorie/chaussures-enfants?page=3","https://sn.coinafrique.com/annonce/chaussures-enfants/chaussures-bebe-3704967","Chaussures bébé","1 500 CFA","HLM, Dakar, Sénégal","background-image: url(""https://images.coinafrique.com/3704967_uploaded_image1_1653083833.jpg""); width: 592px;"
"1766760659-243","https://sn.coinafrique.com/categorie/chaussures-enfants?page=3","https://sn.coinafrique.com/annonce/chaussures-enfants/claquettes-enfant-3768510","Claquettes enfant","1 250 CFA","Colobane, Dakar, Sénégal","background-image: url(""https://images.coinafrique.com/3768510_uploaded_image1_1656771169.jpg""); width: 432px;"
"1766760661-244","https://sn.coinafrique.com/categorie/chaussures-enfants?page=3","https://sn.coinafrique.com/annonce/chaussures-enfants/chaussures-enfant-3771424","Chaussures enfant","12 500 CFA","Dakar, Sénégal","background-image: url(""https://images.coinafrique.com/3771424_uploaded_image1_1656942212.jpg""); width: 576px;"
"1766760664-245","https://sn.coinafrique.com/categorie/chaussures-enfants?page=3","https://sn.coinafrique.com/annonce/chaussures-enfants/chaussures-enfants-3777592","Chaussures enfants","7 000 CFA","Sicap Liberté, Dakar, Sénégal","background-image: url(""https://images.coinafrique.com/3777592_uploaded_image1_1657274783.jpg""); width: 603px;"
"1766760666-246","https://sn.coinafrique.com/categorie/chaussures-enfants?page=3","https://sn.coinafrique.com/annonce/chaussures-enfants/chaussures-enfants-3777593","Chaussures enfants","7 000 CFA","Sicap Liberté, Dakar, Sénégal","background-image: url(""https://images.coinafrique.com/3777593_uploaded_image1_1657274825.jpg""); width: 603px;"
"1766760668-247","https://sn.coinafrique.com/categorie/chaussures-enfants?page=3","https://sn.coinafrique.com/annonce/chaussures-enfants/sandales-africaines-enfants-3778619","Sandales africaines enfants","1 500 CFA","Cambérène, Dakar, Sénégal","background-image: url(""https://images.coinafrique.com/3778619_uploaded_image1_1657354885.jpg""); width: 436px;"
